Query Id,Query,URL,Ranking,Set Creater ID
1,Abraham Lincoln Gettysburg,http://www.abrahamlincolnonline.org/lincoln/speeches/gettysburg.htm,1,2
1,Abraham Lincoln Gettysburg,https://www.history.com/topics/american-civil-war/gettysburg-address,4,2
1,Abraham Lincoln Gettysburg,https://rmc.library.cornell.edu/gettysburg/good_cause/transcript.htm,4,2
1,Abraham Lincoln Gettysburg,https://www.historynet.com/gettysburg-address-text,3,2
1,Abraham Lincoln Gettysburg,https://www.independent.co.uk/news/world/americas/abraham-lincoln-birthday-gettysburg-address-civil-war-us-president-trump-a8206946.html,4,2
1,Abraham Lincoln Gettysburg,https://www.americanrhetoric.com/speeches/gettysburgaddress.htm,4,2
1,Abraham Lincoln Gettysburg,https://usa.usembassy.de/etexts/democrac/25.htm,3,2
1,Abraham Lincoln Gettysburg,https://boingboing.net/2019/07/04/abraham-lincolns-gettysburg.html,4,2
1,Abraham Lincoln Gettysburg,https://www.nationalaffairs.com/publications/detail/lincoln-at-gettysburg,4,2
1,Abraham Lincoln Gettysburg,https://www.nps.gov/gett/planyourvisit/dedication-day.htm,0,3
1,Abraham Lincoln Gettysburg,https://www.wbaltv.com/article/this-day-in-history-abraham-lincoln-delivers-gettysburg-address/29837521,0,3
1,Abraham Lincoln Gettysburg,https://www.theatlantic.com/magazine/archive/2012/02/the-words-that-remade-america/308801/,4,3
1,Abraham Lincoln Gettysburg,https://quod.lib.umich.edu/j/jala/2629860.0016.108/--lincoln-and-the-gettysburg-awakening?rgn=main;view=fulltext;q1=gettysburg,0,3
1,Abraham Lincoln Gettysburg,https://www.thedailybeast.com/how-abraham-lincoln-wrote-the-gettysburg-address,0,3
1,Abraham Lincoln Gettysburg,https://dp.la/primary-source-sets/battle-of-gettysburg/sources/1483,4,3
1,Abraham Lincoln Gettysburg,https://newsela.com/read/speeches-lincoln-gettysburg/id/15141/,0,3
1,Abraham Lincoln Gettysburg,https://www.wuwm.com/post/seven-facts-you-didnt-know-about-gettysburg-address,0,3
1,Abraham Lincoln Gettysburg,http://gettysburg.stonesentinels.com/other-monuments/lincolns-gettysburg-address-memorial/,3,3
2,Mohammad Ali,https://www.biography.com/athlete/muhammad-ali,1,2
2,Mohammad Ali,https://alicenter.org/about-us/muhammad-ali/,0,2
2,Mohammad Ali,https://twitter.com/MuhammadAli?ref_src=twsrc%5Egoogle%7Ctwcamp%5Eserp%7Ctwgr%5Eauthor,2,2
2,Mohammad Ali,https://www.britannica.com/biography/Muhammad-Ali-boxer,0,2
2,Mohammad Ali,https://www.newyorker.com/news/news-desk/the-outsized-life-of-muhammad-ali,2,2
2,Mohammad Ali,https://en.wikiquote.org/wiki/Muhammad_Ali,4,2
2,Mohammad Ali,https://www.imdb.com/name/nm0000738/,0,2
2,Mohammad Ali,https://time.com/5305927/trump-muhammad-ali-pardon/,1,2
2,Mohammad Ali,https://www.theguardian.com/sport/muhammad-ali,0,2
2,Mohammad Ali,https://www.npr.org/2018/09/21/650435716/muhammad-ali-biography-reveals-a-flawed-rebel-who-loved-attention,1,2
2,Mohammad Ali,https://en.wikipedia.org/wiki/Muhammad_Ali,2,3
2,Mohammad Ali,https://commons.wikimedia.org/wiki/Category:Muhammad_Ali,0,3
2,Mohammad Ali,https://theundefeated.com/tag/muhammad-ali/,0,3
2,Mohammad Ali,https://www.history.com/topics/black-history/muhammad-ali-video,0,3
2,Mohammad Ali,https://www.smithsonianmag.com/history/connections-between-muhammad-ali-and-nfl-protests-180965310/,2,3
2,Mohammad Ali,https://www.washingtonpost.com/news/retropolis/wp/2018/06/15/shoot-them-for-what-how-muhammad-ali-won-his-greatest-fight/,3,3
2,Mohammad Ali,https://www.usatoday.com/story/sports/2016/06/04/muhammad-ali-fight-by-fight-career/85341622/,0,3
2,Mohammad Ali,https://www.tmz.com/2019/10/15/khalilah-ali-lebron-james-muhammad-ali-china-nba/,0,3
2,Mohammad Ali,https://www.chicagotribune.com/topic/muhammad-ali-topic.html,0,3
2,Mohammad Ali,https://www.nbcnews.com/news/sports/muhammad-ali-greatest-all-time-dead-74-n584776,3,3
3,Mohammad Ali Sting like a bee,https://www.theguardian.com/sport/2016/jun/04/muhammad-ali-greatest-quotes-sting-butterfly-louisville-lip,4,2
3,Mohammad Ali Sting like a bee,https://abcnews.go.com/Sports/muhammad-alis-memorable-quotes-float-butterfly-sting-bee/story?id=39574573,4,2
3,Mohammad Ali Sting like a bee,https://www.independent.co.uk/news/people/muhammad-ali-dead-float-like-a-butterfly-sting-like-a-bee-and-the-boxing-champions-other-famous-a7065356.html,3,2
3,Mohammad Ali Sting like a bee,https://www.dallasnews.com/sports/other-sports/2016/06/04/float-like-a-butterfly-sting-like-a-bee-some-of-muhammad-ali-s-greatest-quotes/,4,2
3,Mohammad Ali Sting like a bee,https://www.telegraph.co.uk/news/2016/06/06/thousands-of-bees-swarm-to-muhammad-ali-sting-like-a-bee-memoria/,0,2
3,Mohammad Ali Sting like a bee,https://wqad.com/2016/06/04/float-like-a-butterfly-sting-like-a-bee-best-quotes-from-muhammad-ali/,4,2
3,Mohammad Ali Sting like a bee,https://www.huffpost.com/entry/i-float-like-a-butterfly-_b_10294146,1,2
3,Mohammad Ali Sting like a bee,https://www.urbandictionary.com/define.php?term=Float%20like%20a%20butterfly%2C%20sting%20like%20a%20bee,2,2
3,Mohammad Ali Sting like a bee,https://www.nbcsports.com/philadelphia/boxing/greatest-poet-look-muhammad-alis-verse,4,2
3,Mohammad Ali Sting like a bee,https://patch.com/florida/miami/float-butterfly-sting-bee-drive-along-legend-muhammad-ali,0,3
3,Mohammad Ali Sting like a bee,https://www.independent.ie/sport/other-sports/boxing/float-like-a-butterfly-sting-like-a-bee-some-of-muhammad-alis-best-quotes-34772170.html,4,3
3,Mohammad Ali Sting like a bee,https://www.redbubble.com/people/fares-junior/works/31438502-float-like-a-butterfly-sting-like-a-bee-muhammad-ali-black?p=poster,0,3
3,Mohammad Ali Sting like a bee,https://www.usatoday.com/story/sports/boxing/2016/06/03/muhammad-ali-best-quotes-boxing/85370850/,4,3
3,Mohammad Ali Sting like a bee,https://www.icanvas.com/canvas-print/float-like-a-butterfly-sting-bee-10021#1PC6-40x26,0,3
3,Mohammad Ali Sting like a bee,https://www.theysayiblog.com/2012/01/float-like-a-butterfly-sting-like-a-bee.html,0,3
3,Mohammad Ali Sting like a bee,https://www.cnn.com/2016/06/04/sport/best-quotes-muhammad-ali/index.html,4,3
4,Gladiator Russell Crowe Quotes,https://www.moviequotes.com/s-movie/gladiator,2,2
4,Gladiator Russell Crowe Quotes,https://www.moviemistakes.com/film541/quotes,4,2
4,Gladiator Russell Crowe Quotes,https://www.telegraph.co.uk/culture/film/oscars/9093656/Oscars-Best-lines-in-winning-Best-Films.html?image=10,0,2
4,Gladiator Russell Crowe Quotes,https://www.bustle.com/articles/79042-every-pop-culture-reference-comes-from-russell-crowes-gladiator-because-fans-of-the-film-were,3,2
4,Gladiator Russell Crowe Quotes,https://www.newsmax.com/fastfeatures/russell-crowe-role-maximus-iconic/2015/03/29/id/630509/,1,2
4,Gladiator Russell Crowe Quotes,https://matthewwarner.com/2019/01/apropos-quotes-from-gladiator/,2,2
4,Gladiator Russell Crowe Quotes,https://www.news.com.au/entertainment/movies/gladiator-things-you-never-knew-about-the-2000-film/news-story/300619d8bbcb4526a71ec54a1ebb0085,1,2
4,Gladiator Russell Crowe Quotes,http://www.destinationhollywood.com/celebrities/russellcrowe/famouslines_content.shtml ,2,2
4,Gladiator Russell Crowe Quotes,https://www.moviequotesandmore.com/gladiator-quotes/,4,3
4,Gladiator Russell Crowe Quotes,https://www.quotes.net/movies/gladiator_4541,4,3
4,Gladiator Russell Crowe Quotes,https://en.wikiquote.org/wiki/Gladiator_(2000_film),3,3
4,Gladiator Russell Crowe Quotes,https://www.pinterest.com/stephenridyard/gladiator-quotes/,3,3
4,Gladiator Russell Crowe Quotes,https://www.imdb.com/title/tt0172495/characters/nm0000128,3,3
4,Gladiator Russell Crowe Quotes,https://www.imdb.com/title/tt0172495/characters/nm0001618,3,3
4,Gladiator Russell Crowe Quotes,https://www.moviequotes.com/s-movie/gladiator/,4,3
4,Gladiator Russell Crowe Quotes,https://quotecatalog.com/quotes/movies/gladiator/,3,3
4,Gladiator Russell Crowe Quotes,http://quoteshub.weebly.com/gladiator.html,4,3
5,Celtics 11/20/2019,https://www.nba.com/games/20191120/BOSLAC/?ss=watch#/video,0,2
5,Celtics 11/20/2019,https://www.si.com/nba/game/2176354,4,2
5,Celtics 11/20/2019,http://www.digitalsportsdesk.com/category/boston-sports/boston-celtics/,0,2
5,Celtics 11/20/2019,https://statsalt.com/games/nba/11-20-2019/boston-celtics-vs-los-angeles-clippers-prediction-2423/,0,2
5,Celtics 11/20/2019,https://www.reddit.com/r/bostonceltics/comments/dzbkyo/game_thread_boston_celtics_112_los_angeles/,0,2
5,Celtics 11/20/2019,https://journalstar.com/sports/basketball/clippers-edge-celtics---in-ot-with-leonard-and/article_a5d24cad-0132-5bb3-8941-8573802faf8b.html,0,2
5,Celtics 11/20/2019,https://winnersandwhiners.com/games/nba/11-20-2019/boston-celtics-vs-los-angeles-clippers-prediction-9386/,0,2
5,Celtics 11/20/2019,https://www.swxrightnow.com/stories/2019/nov/20/nba-roundup-with-kawhi-leonard-paul-george-playing/,0,2
5,Celtics 11/20/2019,https://www.boston.com/tag/boston-celtics,0,2
5,Celtics 11/20/2019,https://www.fanduel.com/theduel/posts/celtics-vs-clippers-odds-lines-spread-and-prop-bets-01dt5bexawqt,0,2
5,Celtics 11/20/2019,https://tunein.com/radio/Boston-Celtics-at-Los-Angeles-Clippers-Nov-20-2019-p1248668/,0,3
5,Celtics 11/20/2019,https://www.espn.com/nba/matchup?gameId=401160854,0,3
5,Celtics 11/20/2019,https://www.nba.com/games/20191120/BOSLAC#/video,0,3
5,Celtics 11/20/2019,https://www.foxsports.com/nba/boxscore?id=34956,0,3
5,Celtics 11/20/2019,https://www.nbcsports.com/boston/celtics/nbas-top-100-players-2019-20-ranking-top-25,0,3
5,Celtics 11/20/2019,https://celticswire.usatoday.com/2019/11/20/despite-the-buzz-about-boston-dont-expect-trades-any-time-soon/,2,3
5,Celtics 11/20/2019,https://www.ibtimes.com/nba-standings-2019-lakers-celtics-bucks-have-top-records-clippers-rockets-heat-not-2870988,0,3
5,Celtics 11/20/2019,https://www.hoopsrumors.com/boston-celtics,0,3
6,Gandhi's views on truth,http://www.yourarticlelibrary.com/mahatma-gandhi/mahatma-gandhis-views-on-truth/38535,3,2
6,Gandhi's views on truth,http://www.gandhi-manibhavan.org/gandhiphilosophy/philosophy_truth_meaning.htm,4,2
6,Gandhi's views on truth,https://berkleycenter.georgetown.edu/quotes/mohandas-gandhi-on-the-meaning-of-truth,0,2
6,Gandhi's views on truth,http://iosrjournals.org/iosr-jhss/papers/Vol18-issue4/H01846769.pdf,3,2
6,Gandhi's views on truth,https://www.ncbi.nlm.nih.gov/pmc/articles/PMC3705687/,4,2
6,Gandhi's views on truth,https://www.cambridge.org/core/services/aop-cambridge-core/content/view/F86C65A2508AAC62A7ABBDC39CF4F20F/S0034670506000118a.pdf/div-class-title-nonviolence-and-gandhiandapos-s-truth-a-method-for-moral-and-political-arbitration-div.pdf,0,2
6,Gandhi's views on truth,http://www.sidewaysthoughts.com/blog/2014/05/three-lessons-from-gandhis-experiments-in-truth/,2,2
6,Gandhi's views on truth,https://en.wikiquote.org/wiki/Mahatma_Gandhi,0,2
6,Gandhi's views on truth,https://timesofindia.indiatimes.com/blogs/the-rock-bottom/relevance-of-gandhianism-in-todays-world/,0,2
6,Gandhi's views on truth,https://www.mkgandhi.org/truth/index.htm,0,3
6,Gandhi's views on truth,http://www.egyankosh.ac.in/bitstream/123456789/19476/1/Unit-6.pdf,4,3
6,Gandhi's views on truth,https://www.independent.co.uk/arts-entertainment/books/features/thrill-of-the-chaste-the-truth-about-gandhis-sex-life-1937411.html,0,3
6,Gandhi's views on truth,https://unesdoc.unesco.org/ark:/48223/pf0000071082,1,3
6,Gandhi's views on truth,https://www.bbc.co.uk/religion/religions/hinduism/people/gandhi_1.shtml,1,3
6,Gandhi's views on truth,https://wagingnonviolence.org/2018/11/why-gandhis-ideas-continue-to-thrive-even-in-the-post-truth-era/,3,3
6,Gandhi's views on truth,https://www.newyorker.com/magazine/2018/10/22/gandhi-for-the-post-truth-age,2,3
6,Gandhi's views on truth,https://www.webpages.uidaho.edu/ngier/ConfGandhi.htm,3,3
7,AJ Green's Health,https://www.cbssports.com/fantasy/football/players/news/1673207/aj-green/,2,2
7,AJ Green's Health,https://www.rotoworld.com/football/nfl/player/1622/aj-green,0,2
7,AJ Green's Health,http://www.nfl.com/news/story/0ap3000001037994/article/aj-green-will-miss-multiple-regularseason-games,3,2
7,AJ Green's Health,https://www.fanduel.com/theduel/posts/a-j-green-fantasy-value-takes-a-hit-with-latest-injury-update-01dk9qrtarb6,2,2
7,AJ Green's Health,https://sports.yahoo.com/aj-green-wont-make-bengals-debut-on-sunday-due-to-injury-setback-194418200.html,4,2
7,AJ Green's Health,https://www.usatoday.com/story/sports/nfl/bengals/2019/10/30/a-j-green-return-injury-contract-talks-franchise-tag-bengals/4101821002/,4,2
7,AJ Green's Health,https://www.lineups.com/articles/a-j-green-fantasy-football-outlook-value-2019/,0,2
7,AJ Green's Health,https://heavy.com/sports/2019/09/aj-green-injury-return-when-what-happened/,4,2
7,AJ Green's Health,https://www.sportingnews.com/us/nfl/news/aj-green-injury-update-bengals-receiver-says-he-still-has-a-little-ways-to-go-before-returning/8z3wtncheb6o1asx65h43m628,4,2
7,AJ Green's Health,https://bleacherreport.com/articles/2828368-how-much-is-aj-green-worth-in-todays-nfl,2,3
7,AJ Green's Health,https://abc7news.com/sports/sources-aj-green-unhappy-with-teams-decision-not-to-play-him/1671657/,1,3
7,AJ Green's Health,https://www.actionnetwork.com/nfl/aj-green-fantasy-football-rankings-projections-analysis-2019,0,3
7,AJ Green's Health,https://www.reddit.com/r/fantasyfootball/comments/czbbvs/ekeler_and_aj_green_flex_stack/,0,3
7,AJ Green's Health,https://clutchpoints.com/bengals-news-aj-green-to-give-an-update-on-his-status-next-week/,1,3
7,AJ Green's Health,https://www.amazon.com/Majestic-Cincinnati-Bengals-Hashmark-Jersey/dp/B06XHT72SF,0,3
7,AJ Green's Health,https://www.daytondailynews.com/sports/things-look-forward-dismal-bengals-season/Plya5x91EfQJgXAYnHyxKM/,0,3
7,AJ Green's Health,https://www.4for4.com/fantasy-football/2019/preseason/dont-be-afraid-drafting-tyler-boyd,0,3
8,President Obama Inauguration,https://obamawhitehouse.archives.gov/the-press-office/2013/01/21/inaugural-address-president-barack-obama,1,2
8,President Obama Inauguration,https://www.history.com/this-day-in-history/barack-obama-is-inaugurated,2,2
8,President Obama Inauguration,https://www.aol.com/article/news/2017/01/19/president-barack-obamas-first-inauguration-speech-full-text/21657532/,4,2
8,President Obama Inauguration,https://www.npr.org/series/99286923/presidential-inauguration-of-barack-obama,0,2
8,President Obama Inauguration,https://abcnews.go.com/Politics/2009-2017-comparing-trumps-obamas-inauguration-crowds/story?id=44927217,0,2
8,President Obama Inauguration,https://www.nationalreview.com/news/middleman-funneled-donation-from-saudi-to-obama-inauguration-report/,0,2
8,President Obama Inauguration,https://www.reuters.com/article/us-usa-inauguration-events/factbox-timeline-for-obama-inauguration-events-idUSBRE90K06520130121,0,2
8,President Obama Inauguration,https://www.imdb.com/title/tt1356406/,0,2
8,President Obama Inauguration,https://www.thecut.com/2019/08/barack-obama-aretha-franklin-inauguration-hat.html,0,2
8,President Obama Inauguration,https://www.americamagazine.org/politics-society/2017/01/18/barack-obamas-first-inauguration-revisited,4,2
8,President Obama Inauguration,https://en.wikipedia.org/wiki/Second_inauguration_of_Barack_Obama,2,3
8,President Obama Inauguration,https://apnews.com/389f03e40e874bbe9d1687925e517d05,0,3
8,President Obama Inauguration,https://www.usatoday.com/story/news/politics/2017/01/20/separate-visions-comparing-trump-obamas-inauguration-day-speeches/96839312/,3,3
8,President Obama Inauguration,http://mallhistory.org/items/show/377,0,3
8,President Obama Inauguration,https://www.cnbc.com/2019/01/18/cnbcs-coverage-of-barack-obamas-inauguration---10-years-later.html,4,3
8,President Obama Inauguration,https://newrepublic.com/minutes/139999/lot-people-attended-president-obamas-inauguration-2009,0,3
8,President Obama Inauguration,https://www.nbcnewyork.com/news/national-international/NATL-The-Inauguration-of-President-Barack-Obama-187732891.html?tag=%22obama+inauguration%22,0,3
8,President Obama Inauguration,https://www.rollingstone.com/music/music-news/hear-president-obamas-inauguration-playlist-235537/,0,3
8,President Obama Inauguration,https://www.bostonglobe.com/news/politics/2013/01/21/president-obama-remarks-his-second-inauguration/GrPgrXix2RNOnA6zfxuHkK/story.html,4,3
9,Bill Simmons Roger Goodell,https://digg.com/video/bill-simmons-roger-goodell-comments-that-got-him-suspended,1,2
9,Bill Simmons Roger Goodell,https://bleacherreport.com/articles/2210190-espn-suspends-bill-simmons-for-comments-made-about-roger-goodel,4,2
9,Bill Simmons Roger Goodell,https://www.si.com/nfl/2014/09/25/espn-bill-simmons-roger-goodell-suspension,3,2
9,Bill Simmons Roger Goodell,https://www.npr.org/2014/09/25/351529416/espn-suspends-bill-simmons-for-roger-goodell-comments,4,2
9,Bill Simmons Roger Goodell,https://www.vanityfair.com/hollywood/2016/06/bill-simmons-espn-hbo,3,2
9,Bill Simmons Roger Goodell,https://www.hollywoodreporter.com/news/6-times-bill-simmons-pissed-794527,1,2
9,Bill Simmons Roger Goodell,https://awfulannouncing.com/2015/bill-simmons-comes-out-swinging-at-espn-roger-goodell-in-new-podcast.html,4,2
9,Bill Simmons Roger Goodell,https://www.sbnation.com/nfl/2014/9/24/6841451/bill-simmons-espn-suspension-roger-goodel,4,2
9,Bill Simmons Roger Goodell,https://grantland.com/the-triangle/roger-goodell-need-to-step-down/,2,2
9,Bill Simmons Roger Goodell,http://www.slate.com/articles/sports/sports_nut/2014/09/bill_simmons_suspended_yes_he_called_roger_goodell_a_liar_but_here_s_the.html,4,2
9,Bill Simmons Roger Goodell,https://bleacherreport.com/articles/2210190-espn-suspends-bill-simmons-for-comments-made-about-roger-goodell,4,3
9,Bill Simmons Roger Goodell,https://www.washingtonpost.com/,0,3
9,Bill Simmons Roger Goodell,https://www.huffpost.com/entry/bill-simmons-roger-goodell-grantland-podcast_n_563b8924e4b0307f2cac5ae5,3,3
9,Bill Simmons Roger Goodell,https://www.complex.com/sports/2014/09/espn-bill-simmons-blasts-roger-goodell-audio,4,3
9,Bill Simmons Roger Goodell,https://www.thebiglead.com/posts/disney-espn-could-never-get-over-bill-simmons-calling-roger-goodell-a-liar-01dmarvcskfp,0,3
9,Bill Simmons Roger Goodell,https://www.indystar.com/story/sports/nfl/2014/09/25/espn-suspends-bill-simmons-over-roger-goodell-rant/16196641/,4,3
9,Bill Simmons Roger Goodell,https://www.thedailybeast.com/no-room-for-bill-simmons-in-the-espn-machine,4,3
9,Bill Simmons Roger Goodell,https://twitter.com/billsimmons/status/557773722485268480?lang=en,0,3
9,Bill Simmons Roger Goodell,https://www.cbssports.com/nfl/news/espn-suspends-bill-simmons-for-calling-roger-goodell-a-liar/,4,3
9,Bill Simmons Roger Goodell,https://wjla.com/sports/sports-talk/bill-simmons-suspended-by-espn-over-roger-goodell-comments-107500,4,3
10,JFK space race,https://history.nasa.gov/moondec.html,0,2
10,JFK space race,https://www.nasa.gov/feature/john-f-kennedy-and-nasa,3,2
10,JFK space race,https://www.usatoday.com/story/opinion/2013/11/22/kennedy-apollo-program-space-column/3666047/,4,2
10,JFK space race,https://airandspace.si.edu/exhibitions/apollo-to-the-moon/online/racing-to-space/moon-decision.cfm,4,2
10,JFK space race,https://www.space.com/jfk-apollo-moonshot-nasa-readiness.html,1,2
10,JFK space race,https://jfk.blogs.archives.gov/2019/06/12/representation-in-the-space-race/,1,2
10,JFK space race,https://www.jstor.org/stable/27551902?seq=1,0,2
10,JFK space race,https://www.theatlantic.com/technology/archive/2012/09/moondoggle-the-forgotten-opposition-to-the-apollo-program/262254/,2,2
10,JFK space race,https://spacecenter.org/this-day-in-history-jfk-delivers-iconic-we-choose-to-go-to-the-moon-speech/,3,2
10,JFK space race,https://www.aaas.org/news/john-f-kennedy-and-race-moon-looking-back-fifty-years,0,2
10,JFK space race,https://www.jfklibrary.org/learn/about-jfk/jfk-in-history/space-program,0,3
10,JFK space race,https://www.history.com/this-day-in-history/jfk-asks-congress-to-support-the-space-program,0,3
10,JFK space race,https://www.commonlit.org/en/texts/jfk-s-race-to-space-speech,2,3
10,JFK space race,https://www.rferl.org/a/kennedy-moon-speech-rice-university-50th-anniversary/24706222.html,4,3
10,JFK space race,https://home.bt.com/news/on-this-day/may-25-1961-kennedy-ramps-up-the-space-race-by-pledging-to-put-a-man-on-the-moon-11363982640825,3,3
10,JFK space race,https://news.rice.edu/2019/09/10/jfks-space-legacy-future-moonshots-in-spotlight-at-sept-12-rice-space-institute-event/,0,3
10,JFK space race,https://phys.org/news/2011-05-jfk-speech-space-exploration-heights.html,3,3
10,JFK space race,https://www.houstonchronicle.com/local/space/mission-moon/article/JFK-s-1962-moon-speech-though-deliberate-13960428.php,4,3
10,JFK space race,https://www.msnbc.com/morning-joe/watch/how-jfk-s-great-space-race-was-accomplished-1470756931548,0,3
20,Leonardo da Vinci Quotes,https://www.brainyquote.com/authors/leonardo-da-vinci-quotes,4,1
20,Leonardo da Vinci Quotes,https://www.brainyquote.com/lists/authors/top-10-leonardo-da-vinci-quotes ,4,1
20,Leonardo da Vinci Quotes,https://www.goodreads.com/author/quotes/13560.Leonardo_da_Vinci ,4,1
20,Leonardo da Vinci Quotes,https://en.wikipedia.org/wiki/Leonardo_da_Vinci,4,1
20,Leonardo da Vinci Quotes,https://www.leonardodavinci.net/quotes.jsp ,4,1
20,Leonardo da Vinci Quotes,https://www.awakenthegreatnesswithin.com/35-inspirational-leonardo-da-vinci-quotes/,3,1
20,Leonardo da Vinci Quotes,https://quotes.thefamouspeople.com/leonardo-da-vinci-2134.php ,3,1
20,Leonardo da Vinci Quotes,https://en.wikiquote.org/wiki/Leonardo_da_Vinci,1,1
20,Leonardo da Vinci Quotes,https://wealthygorilla.com/48-leonardo-da-vinci-quotes/ ,4,1
20,Leonardo da Vinci Quotes,http://www.notable-quotes.com/v/vinci_leonardo_da.html ,3,1
20,Leonardo da Vinci Quotes,https://www.goalcast.com/2018/04/03/leonardo-da-vinci-quotes/,4,2
20,Leonardo da Vinci Quotes,https://everydaypower.com/leonardo-di-vinci-quotes/,3,2
20,Leonardo da Vinci Quotes,https://www.geckoandfly.com/25572/leonardo-da-vinci-quotes/,4,2
20,Leonardo da Vinci Quotes,https://wealthygorilla.com/48-leonardo-da-vinci-quotes/,4,2
20,Leonardo da Vinci Quotes,https://drawpaintacademy.com/leonardo-da-vinci-quotes/,2,2
20,Leonardo da Vinci Quotes,https://www.thoughtco.com/leonardo-da-vinci-quotes-1991581,3,2
20,Leonardo da Vinci Quotes,http://www.art-quotes.com/auth_search.php?authid=243#.Xd2zvy-ZNZI,3,2
20,Leonardo da Vinci Quotes,http://www.wiseoldsayings.com/authors/leonardo-da-vinci-quotes/,4,2
20,Leonardo da Vinci Quotes,https://www.azquotes.com/author/15101-Leonardo_da_Vinci,3,2
20,Leonardo da Vinci Quotes,http://www.leonardo-da-vinci.net/quotes/,1,2
21,Facts about Sushruta,https://www.ancient.eu/sushruta/,2,1
21,Facts about Sushruta,https://www.britannica.com/biography/Sushruta ,1,1
21,Facts about Sushruta,https://haribhakt.com/sushruta-worlds-first-plastic-surgeon-was-from-india/ ,3,1
21,Facts about Sushruta,https://www.ncbi.nlm.nih.gov/pmc/articles/PMC2845369/ ,2,1
21,Facts about Sushruta,https://en.wikipedia.org/wiki/Sushruta,1,1
21,Facts about Sushruta,https://peoplepill.com/people/sushruta/ ,2,1
21,Facts about Sushruta,http://home.iitk.ac.in/~hcverma/Article/Ancient%20India%20Medical%20Science.pdf ,2,1
21,Facts about Sushruta,https://www.missedinhistory.com/podcasts/sushruta-father-of-plastic-surgery.htm ,1,1
21,Facts about Sushruta,http://www.iaimhealthcare.org/acharya-sushruta-father-of-surgery/ ,3,1
21,Facts about Sushruta,https://journals.lww.com/annalsplasticsurgery/FullText/2015/01000/Correcting_Factual_Errors_in__Sushruta___Father_of.30.aspx ,0,1
21,Facts about Sushruta,https://www.amrutam.co.in/6-interesting-amrutam-things-about-sushruta/ ,4,2
21,Facts about Sushruta,https://hekint.org/2017/01/22/sushruta-the-ancient-indian-surgeon/ ,1,2
21,Facts about Sushruta,https://www.ancient-origins.net/artifacts-ancient-technology/sushruta-samhita-and-plastic-surgery-ancient-india-020148,2,2
21,Facts about Sushruta,https://www.indiatoday.in/education-today/gk-current-affairs/story/sushruta-works-indian-physician-medicine-plastic-surgery-rhinoplasty-nose-job-1559599-2019-07-01,2,2
21,Facts about Sushruta,https://www.toppr.com/bytes/sushruta-worlds-first-plastic-surgeon/ ,1,2
21,Facts about Sushruta,https://www.speakingtree.in/allslides/sushruta-first-indian-surgeon-historical-facts ,4,2
21,Facts about Sushruta,http://indiasinterestingfacts.blogspot.com/2014/04/sushruta-is-father-of-surgery.html ,2,2
21,Facts about Sushruta,https://easyayurveda.com/2016/08/21/acharya-sushruta-work-samhita-legacy/,3,2
21,Facts about Sushruta,http://www.jcor.in/article.asp?issn=2320-3897;year=2018;volume=6;issue=3;spage=117;epage=120;aulast=Shah,2,2
21,Facts about Sushruta,https://blog.oneworldayurveda.com/the-sushruta-samhita/ ,2,2
22,Battles fought by Guru Gobind Singh,https://en.wikipedia.org/wiki/Guru_Gobind_Singh,2,1
22,Battles fought by Guru Gobind Singh,https://en.wikipedia.org/wiki/Battle_of_Chamkaur_(1704) ,3,1
22,Battles fought by Guru Gobind Singh,https://www.quora.com/How-many-wars-did-Guru-Gobind-Singh-fight ,1,1
22,Battles fought by Guru Gobind Singh,https://books.google.com/books/about/Battles_of_Guru_Gobind_Singh.html?id=L7PXAAAAMAAJ ,4,1
22,Battles fought by Guru Gobind Singh,https://www.indiatoday.in/education-today/gk-current-affairs/story/guru-gobind-singh-304119-2016-01-16 ,1,1
22,Battles fought by Guru Gobind Singh,http://dailysikhupdates.com/4-battles-hindu-kings-allied-mughals-took-guru-gobind-singh-ji-khalsa/ ,2,1
22,Battles fought by Guru Gobind Singh,https://www.sikhmissionarysociety.org/sms/smspublications/thesaintsoldier/chapter3/,0,1
22,Battles fought by Guru Gobind Singh,https://barficulture.tv/world/39 ,1,1
22,Battles fought by Guru Gobind Singh,https://scroll.in/article/880186/from-guru-hargobind-to-guru-gobind-singh-how-the-sikh-community-militarised-to-take-on-the-mughals ,1,1
22,Battles fought by Guru Gobind Singh,https://abhimanuias.com/state/Searchdetail.aspx?type=BL&id=8368,4,2
22,Battles fought by Guru Gobind Singh,https://www.newworldencyclopedia.org/entry/Guru_Gobind_Singh,2,2
22,Battles fought by Guru Gobind Singh,https://www.speakingtree.in/allslides/the-battle-of-chamkaur/288984 ,2,2
22,Battles fought by Guru Gobind Singh,https://www.learnreligions.com/all-about-guru-gobind-singh-4590153 ,2,2
22,Battles fought by Guru Gobind Singh,https://www.sikh24.com/2017/08/10/5-battles-in-which-sikhs-were-greatly-outnumbered/#.Xd25sC-ZNZI,2,2
22,Battles fought by Guru Gobind Singh,http://www.indiandefencereview.com/news/the-battle-of-chamkaur-an-epic-that-changed-the-course-of-indian-history/ ,2,2
22,Battles fought by Guru Gobind Singh,https://www.bbc.co.uk/bitesize/guides/zhhf9j6/revision/5 ,0,2
22,Battles fought by Guru Gobind Singh,https://www.sikhdharma.org/sikh-history/ten-sikh-gurus/,0,2
22,Battles fought by Guru Gobind Singh,https://blog.oup.com/2016/01/gurus-warrior-scripture/ ,1,2
22,Battles fought by Guru Gobind Singh,https://www.straight.com/news/1015036/gurpreet-singh-sikhs-must-be-vigilant-about-hindutva-attempts-appropriate-guru-gobind,1,2
23,Narendra Modi's view on Indian Economy,https://www.economist.com/leaders/2019/10/24/narendra-modi-is-damaging-indias-economy-as-well-as-its-democracy ,4,1
23,Narendra Modi's view on Indian Economy,https://www.ft.com/content/798795ce-f4f6-11e9-b018-3ef8794b17c6,0,1
23,Narendra Modi's view on Indian Economy,https://www.foreignaffairs.com/articles/india/2019-11-04/strange-triumph-narendra-modi ,1,1
23,Narendra Modi's view on Indian Economy,https://m.economictimes.com/news/economy/finance/a-45-billion-bet-on-narendra-modis-india-is-rapidly-unwinding/articleshow/71160327.cms,3,1
23,Narendra Modi's view on Indian Economy,https://foreignpolicy.com/2019/09/21/everyone-thinks-the-economy-is-issue-no-1-for-indias-modi-its-not/ ,3,1
23,Narendra Modi's view on Indian Economy,https://qz.com/india/1716106/in-us-narendra-modi-may-have-overstated-indian-economic-climate/ ,4,1
23,Narendra Modi's view on Indian Economy,https://www.business-standard.com/article/economy-policy/economy-is-down-to-do-list-is-long-can-modi-shed-hindutva-and-deliver-119103000129_1.html,3,1
23,Narendra Modi's view on Indian Economy,https://carnegieendowment.org/2019/11/04/strange-triumph-of-narendra-modi-can-india-s-prime-minister-succeed-even-as-economy-plummets-pub-80259,1,1
23,Narendra Modi's view on Indian Economy,https://www.washingtonpost.com/opinions/2019/11/13/narendra-modi-is-indias-trump/,0,1
23,Narendra Modi's view on Indian Economy,https://asia.nikkei.com/Opinion/Indian-economy-will-struggle-through-Narendra-Modi-s-second-term,3,2
23,Narendra Modi's view on Indian Economy,https://www.livemint.com/news/india/pm-narendra-modi-brings-india-s-economy-into-focus-amid-privatisation-push-11574329596101.html ,4,2
23,Narendra Modi's view on Indian Economy,https://www.washingtonpost.com/opinions/2019/10/25/why-modi-wont-be-able-ignore-indias-economic-slowdown-long/,2,2
23,Narendra Modi's view on Indian Economy,https://economictimes.indiatimes.com/news/economy/finance/a-45-billion-bet-on-narendra-modis-india-is-rapidly-unwinding/articleshow/71160327.cms ,3,2
23,Narendra Modi's view on Indian Economy,https://economictimes.indiatimes.com/news/economy/policy/view-modi-gets-real-on-the-economy/articleshow/70852724.cms,4,2
23,Narendra Modi's view on Indian Economy,https://www.indiatoday.in/news-analysis/story/narendra-modi-government-nirmala-sitharaman-must-acknowledge-economic-slowdown-1594747-2019-09-03,4,2
23,Narendra Modi's view on Indian Economy,https://www.scmp.com/comment/opinion/article/3012927/will-modi-unleash-indias-economic-potential-or-destroy-its-future,0,2
23,Narendra Modi's view on Indian Economy,https://www.business-standard.com/article/economy-policy/economy-is-down-to-do-list-is-long-can-modi-shed-hindutva-and-deliver-119103000129_1.html ,2,2
23,Narendra Modi's view on Indian Economy,https://www.cnbc.com/2019/11/08/billionaire-investor-ray-dalio-says-hes-impressed-by-indian-pm-modi.html ,2,2
23,Narendra Modi's view on Indian Economy,https://www.dw.com/en/how-has-indias-economy-fared-under-pm-narendra-modi/a-48251747,4,2
24,World Media views on Imran Khan,https://www.theguardian.com/world/imran-khan,4,1
24,World Media views on Imran Khan,https://www.nytimes.com/topic/person/imran-khan,3,1
24,World Media views on Imran Khan,https://www.nytimes.com/2019/09/27/world/asia/khan-modi-united-nations.html,1,1
24,World Media views on Imran Khan,https://tribune.com.pk/story/2067293/3-international-media-covered-pm-imrans-powerful-un-speech/?amp=1,1,1
24,World Media views on Imran Khan,https://www.bbc.com/news/world-asia-india-49806692 ,3,1
24,World Media views on Imran Khan,https://www.youtube.com/watch?v=6b8MyKV6ibI ,2,1
24,World Media views on Imran Khan,https://www.aljazeera.com/indepth/features/besieged-kashmiris-hail-imran-khan-speech-190927105940765.html,4,1
24,World Media views on Imran Khan,https://twitter.com/hashtag/imrankhan?lang=en,0,1
24,World Media views on Imran Khan,https://www.economist.com/node/21561027/comments ,0,1
24,World Media views on Imran Khan,https://www.cnn.com/2019/09/27/world/modi-imran-khan-unga-intl/index.html,4,1
24,World Media views on Imran Khan,https://www.independent.co.uk/topic/imran-khan ,4,1
24,World Media views on Imran Khan,https://www.news18.com/news/world/no-way-youre-treated-worse-than-i-am-trump-tells-imran-he-gets-more-flak-than-pak-pm-by-us-media-pakistan-2241621.html,4,2
24,World Media views on Imran Khan,https://www.economist.com/node/21561027/comments,0,2
24,World Media views on Imran Khan,https://www.independent.co.uk/topic/imran-khan,4,2
24,World Media views on Imran Khan,https://www.indiatoday.in/world/story/imran-khan-s-international-visits-harming-pakistan-says-ppp-1603657-2019-09-26,3,2
24,World Media views on Imran Khan,https://www.washingtonpost.com/opinions/global-opinions/trump-must-press-imran-khan-on-pakistans-crackdown-on-press-freedom/2019/07/21/861da362-aa34-11e9-a3a6-ab670962db05_story.html ,4,2
24,World Media views on Imran Khan,https://economictimes.indiatimes.com/news/politics-and-nation/view-imran-khan-a-success-as-fly-that-walked-into-the-spiders-parlour/articleshow/71359547.cms?from=mdr,4,2
24,World Media views on Imran Khan,https://www.scmp.com/news/china/diplomacy/article/3031269/pakistan-prime-minister-imran-khan-seeks-bolster-china-ties,4,2
24,World Media views on Imran Khan,https://www.khaleejtimes.com/international/india/india-reacts-to-pakistan-pm-imran-khans-fiery-un-speech,2,2
24,World Media views on Imran Khan,https://www.voanews.com/press-freedom/redlining-news-pakistan,2,2
24,World Media views on Imran Khan,https://www.vanityfair.com/news/2019/09/the-once-and-future-imran-khan,4,2
24,World Media views on Imran Khan,kashmir-as-khan-makes-diplomatic-push-idUSKBN1WB150 ,3,2
25,Sundar pichai's views on H-1B visa policy by the Trump Government,https://m.economictimes.com/nri/visa-and-immigration/trumps-new-disruptive-h-1b-visa-move-can-be-a-boon-for-india/articleshow/62365964.cms,2,1
25,Sundar pichai's views on H-1B visa policy by the Trump Government,https://www.businessinsider.com/google-ceo-sundar-pichai-comments-on-immigration-2018-1,4,1
25,Sundar pichai's views on H-1B visa policy by the Trump Government,https://www.bloomberg.com/news/articles/2017-01-28/google-recalls-some-staff-to-u-s-after-trump-immigration-order,3,1
25,Sundar pichai's views on H-1B visa policy by the Trump Government,https://techcrunch.com/2017/01/28/google-ceo-sundar-pichai-fears-impact-of-trump-immigration-order-recalls-staff/,4,1
25,Sundar pichai's views on H-1B visa policy by the Trump Government,https://economictimes.indiatimes.com/nri/visa-and-immigration/trumps-new-disruptive-h-1b-visa-move-can-be-a-boon-for-india/articleshow/62365964.cms ,2,1
25,Sundar pichai's views on H-1B visa policy by the Trump Government,https://www.nytimes.com/2017/04/23/world/asia/india-trump-america.html,1,1
25,Sundar pichai's views on H-1B visa policy by the Trump Government,https://ejournals.bc.edu/index.php/elements/article/download/9606/8848/ ,0,1
25,Sundar pichai's views on H-1B visa policy by the Trump Government,https://www.business-standard.com/article/companies/h1b-reform-bill-seeks-to-expand-annual-quota-move-may-hurt-indian-it-firms-118012600992_1.html ,2,1
25,Sundar pichai's views on H-1B visa policy by the Trump Government,https://time.com/4728289/canada-welcomes-tech-companies-spooked-trump/ ,0,1
25,Sundar pichai's views on H-1B visa policy by the Trump Government,https://www.ciodive.com/news/how-6-tech-companies-reacted-to-trumps-immigration-order/435001/,2,1
25,Sundar pichai's views on H-1B visa policy by the Trump Government,https://www.cnbc.com/2016/11/23/analysts-think-trump-should-try-this-search-how-google-works.html,2,2
25,Sundar pichai's views on H-1B visa policy by the Trump Government,https://knowledge.wharton.upenn.edu/article/how-curtailing-temporary-h-1b-visas-could-benefit-indian-professionals/,1,2
25,Sundar pichai's views on H-1B visa policy by the Trump Government,https://www.livemint.com/Politics/8guEQHASl8AscQVYS2M8mO/Why-Donald-Trumps-curbs-on-H1B-visas-are-good-for-Tim-Cook.html ,1,2
25,Sundar pichai's views on H-1B visa policy by the Trump Government,https://qz.com/india/1279732/h-1b-visa-rejects-return-to-india-leaving-their-american-dreams-behind/,1,2
25,Sundar pichai's views on H-1B visa policy by the Trump Government,https://www.independent.co.uk/news/world/americas/donald-trump-muslim-ban-google-recalls-staff-immigration-facebook-mark-zuckerberg-tech-silicon-a7550876.html,4,2
25,Sundar pichai's views on H-1B visa policy by the Trump Government,https://www.latimes.com/business/technology/la-fi-tn-silicon-valley-immigration-20170128-story.html ,3,2
25,Sundar pichai's views on H-1B visa policy by the Trump Government,https://www.vanityfair.com/news/2017/04/bad-for-the-us-silicon-valley-slams-trumps-work-visa-crackdown,3,2
25,Sundar pichai's views on H-1B visa policy by the Trump Government,https://www.sfchronicle.com/business/article/The-H-1B-visa-in-the-age-of-Trump-A-golden-13015356.php,2,2
25,Sundar pichai's views on H-1B visa policy by the Trump Government,https://insights.dice.com/2018/02/26/h-1b-policy-limits-abuse-specialty-occupation/ ,1,2
25,Sundar pichai's views on H-1B visa policy by the Trump Government,https://www.moneycontrol.com/news/business/companies/trump-amends-h1b-rules-entry-level-techies-to-be-hit-hardest-2252229.html,2,2
26,Warren Buffet views and media interactions in regard to start-ups,https://press.farm/warren-buffett-definitive-guide-pr-marketing-founders-entrepreneurs/,2,1
26,Warren Buffet views and media interactions in regard to start-ups,https://andrewchen.co/warren-buffetts-bio-the-snowball-and-lessons-for-startups/ ,3,1
26,Warren Buffet views and media interactions in regard to start-ups,https://postcron.com/en/blog/lessons-from-warren-buffett-to-achieve-success-in-digital-marketing/,2,1
26,Warren Buffet views and media interactions in regard to start-ups,https://www.businessinsider.com/howard-marks-warren-buffett-quote-on-media-fake-news-economists-2017,1,1
26,Warren Buffet views and media interactions in regard to start-ups,https://en.wikipedia.org/wiki/Warren_Buffett ,0,1
26,Warren Buffet views and media interactions in regard to start-ups,http://buffettfaq.com/ ,0,1
26,Warren Buffet views and media interactions in regard to start-ups,https://www.inc.com/scott-mautz/warren-buffett-bill-gates-just-worked-a-dairy-queen-shift-together-a-lesson-in-thinking-different-followed.html,2,1
26,Warren Buffet views and media interactions in regard to start-ups,https://m.economictimes.com/markets/stocks/news/two-buffet-disciples-tell-you-how-to-make-it-big-on-d-street/articleshow/66649973.cms,3,1
26,Warren Buffet views and media interactions in regard to start-ups,https://www.wsj.com/articles/excessive-self-promotion-justin-sun-apologizes-after-postponing-charity-lunch-with-warren-buffett-11564043243 ,1,1
26,Warren Buffet views and media interactions in regard to start-ups,https://www.gsb.stanford.edu/insights/what-it-be-owned-warren-buffett ,1,1
26,Warren Buffet views and media interactions in regard to start-ups,https://www.cnbc.com/2017/05/16/why-warren-buffett-is-betting-on-this-software-start-up.html ,4,2
26,Warren Buffet views and media interactions in regard to start-ups,https://medium.com/accelerated-intelligence/warren-buffett-really-successful-people-say-no-to-almost-everything-ab78832ffebc,0,2
26,Warren Buffet views and media interactions in regard to start-ups,https://economictimes.indiatimes.com/markets/stocks/news/buffett-speak-the-right-culture-self-selects-its-managers/articleshow/58551280.cms?from=mdr ,2,2
26,Warren Buffet views and media interactions in regard to start-ups,https://www.gsb.stanford.edu/insights/what-it-be-owned-warren-buffett,1,2
26,Warren Buffet views and media interactions in regard to start-ups,https://economictimes.indiatimes.com/markets/stocks/news/two-buffet-disciples-tell-you-how-to-make-it-big-on-d-street/articleshow/66649973.cms?from=mdr ,3,2
26,Warren Buffet views and media interactions in regard to start-ups,https://betterthisworld.com/quotes/9-warren-buffett-quotes-for-start-ups/,4,2
26,Warren Buffet views and media interactions in regard to start-ups,https://starbiz.co/warren-buffett-how-to-stay-out-of-debt-forever/,1,2
26,Warren Buffet views and media interactions in regard to start-ups,https://www.theguardian.com/sustainable-business/2016/mar/07/warren-buffett-climate-change-insurance-policy-berkshire-hathaway-shareholder-letter ,0,2
26,Warren Buffet views and media interactions in regard to start-ups,https://www.fool.com/investing/2019/11/17/3-stocks-warren-buffett-would-love.aspx,1,2
26,Warren Buffet views and media interactions in regard to start-ups,https://www.youtube.com/watch?v=uddpWu5-1Uk,2,2
27,Jeff Bezos portrayed by top business magazines like Forbes,https://www.forbes.com/forbes/2012/0423/ceo-compensation-12-amazon-technology-jeff-bezos-gets-it.html ,2,1
27,Jeff Bezos portrayed by top business magazines like Forbes,https://www.forbes.com/sites/georgeanders/2012/04/04/bezos-tips/ ,0,1
27,Jeff Bezos portrayed by top business magazines like Forbes,https://www.forbes.com/profile/jeff-bezos/,4,1
27,Jeff Bezos portrayed by top business magazines like Forbes,https://www.forbes.com/sites/nathanfurrjeffdyer/2019/09/03/leading-like-jeff-bezos-or-elon-musk-lessons-from-their-contrasting-styles/,4,1
27,Jeff Bezos portrayed by top business magazines like Forbes,https://footwearnews.com/2019/influencers/news/forbes-top-100-most-innovative-leaders-one-woman-1202830351/ ,3,1
27,Jeff Bezos portrayed by top business magazines like Forbes,https://www.businessinsider.com/forbes-rich-americans-list-1982-versus-today-wealth-trends-2019-11,4,1
27,Jeff Bezos portrayed by top business magazines like Forbes,https://www.theatlantic.com/magazine/archive/2019/11/what-jeff-bezos-wants/598363/ ,2,1
27,Jeff Bezos portrayed by top business magazines like Forbes,https://www.newyorker.com/magazine/2019/10/21/is-amazon-unstoppable,1,1
27,Jeff Bezos portrayed by top business magazines like Forbes,https://www.scmp.com/magazines/style/people-events/article/2163482/day-life-rich-man-jeff-bezos-who-always-offers-do,3,1
27,Jeff Bezos portrayed by top business magazines like Forbes,https://www.scmp.com/magazines/style/people-events/article/2189551/who-joins-jeff-bezos-one-worlds-7-richest-retail ,4,1
27,Jeff Bezos portrayed by top business magazines like Forbes,https://www.forbes.com/forbes/2012/0423/ceo-compensation-12-amazon-technology-jeff-bezos-gets-it.html#175549715227,4,2
27,Jeff Bezos portrayed by top business magazines like Forbes,https://www.forbes.com/sites/georgeanders/2012/04/04/bezos-tips/#4b586152fce4 ,1,2
27,Jeff Bezos portrayed by top business magazines like Forbes,https://www.forbes.com/sites/georgeanders/2012/11/16/what-fortune-didnt-tell-you-in-its-jeff-bezos-cover-story/#4855dd5f42a4,2,2
27,Jeff Bezos portrayed by top business magazines like Forbes,"https://books.google.com/books?id=CE6XDwAAQBAJ&pg=PT56&lpg=PT56&dq=Jeff+Bezos+portrayed+by+top+business+magazines+like+Forbes&source=bl&ots=9unUMTIlVr&sig=ACfU3U17TJmxJSlsk_a1O0NMWfQ2fPEmpg&hl=en&sa=X&ved=2ahUKEwj8q6LOxInmAhUun-AKHYwKAzgQ6AEwE3oECAsQAQ#v=onepage&q=Jeff%20Bezos%20portrayed%20by%20top%20business%20magazines%20like%20Forbes&f=false, https://www.dw.com/en/jeff-bezos-amazon-ceo-knocks-microsoft-founder-bill-gates-off-forbes-list-top-spot/a-42855021",0,2
27,Jeff Bezos portrayed by top business magazines like Forbes,https://www.theceomagazine.com/business/management-leadership/successful-minds-innovators-2019/,2,2
27,Jeff Bezos portrayed by top business magazines like Forbes,https://www.nasdaq.com/press-release/most-influential-entrepreneurs-2019-compared-amazons-jeff-bezos-2019-04-21,2,2
27,Jeff Bezos portrayed by top business magazines like Forbes,https://fortune.com/longform/amazon-jeff-bezos-prime/,4,2
27,Jeff Bezos portrayed by top business magazines like Forbes,https://www.smartcompany.com.au/finance/forbes-billionaires-jeff-bezos-kylie-jenner/,4,2
27,Jeff Bezos portrayed by top business magazines like Forbes,https://www.vox.com/the-goods/2019/4/5/18296734/jeff-bezos-divorce-mackenzie-settlement-amazon,2,2
28,Kim Jong-un relationship with China,https://www.cfr.org/backgrounder/china-north-korea-relationship,4,1
28,Kim Jong-un relationship with China,https://en.wikipedia.org/wiki/China%E2%80%93North_Korea_relations,2,1
28,Kim Jong-un relationship with China,https://apnews.com/98cd609254bf4ccca10d8a725174ca5a,4,1
28,Kim Jong-un relationship with China,https://www.theguardian.com/world/2019/oct/06/china-and-north-korea-hail-immortal-and-invincible-friendship,4,1
28,Kim Jong-un relationship with China,https://www.cato.org/publications/commentary/chinas-xi-jinping-north-koreas-kim-jong-un-frenemies-best ,3,1
28,Kim Jong-un relationship with China,https://www.abc.net.au/news/2019-03-02/china-and-north-koreas-historic-and-strategic-relationship/10853502 ,3,1
28,Kim Jong-un relationship with China,https://www.scmp.com/news/asia/south-asia/article/3034310/north-koreas-kim-jong-un-and-trump-still-have-special ,4,1
28,Kim Jong-un relationship with China,https://www.washingtonpost.com/world/asia_pacific/chinas-xi-to-visit-north-korea-as-both-countries-lock-horns-with-united-states/2019/06/17/4777087c-90f5-11e9-b72d-d56510fa753e_story.html ,2,1
28,Kim Jong-un relationship with China,https://www.channelnewsasia.com/news/commentary/china-north-korea-xi-jinping-visit-kim-jong-un-dynamics-11659096 ,2,1
28,Kim Jong-un relationship with China,https://economictimes.indiatimes.com/news/international/world-news/xi-jinping-and-kim-jong-un-hail-immortal-china-north-korea-relationship/articleshow/71462267.cms ,4,2
28,Kim Jong-un relationship with China,https://www.nytimes.com/2019/06/21/world/asia/xi-jinping-north-korea-visit.html ,2,2
28,Kim Jong-un relationship with China,https://www.washingtonpost.com/news/worldviews/wp/2018/06/21/yes-kim-jong-un-met-president-trump-but-china-is-still-north-koreas-most-important-ally/,3,2
28,Kim Jong-un relationship with China,https://www.wsj.com/articles/chinas-xi-north-koreas-kim-meet-both-seeking-leverage-with-the-u-s-11561027366 ,2,2
28,Kim Jong-un relationship with China,https://www.bbc.com/news/world-asia-48672306,2,2
28,Kim Jong-un relationship with China,https://www.france24.com/en/20190620-north-korea-china-kim-jong-un-xi-jinping-pyongyang-diplomacy,2,2
28,Kim Jong-un relationship with China,https://www.brookings.edu/blog/order-from-chaos/2019/06/24/mr-xi-goes-to-pyongyang/,2,2
28,Kim Jong-un relationship with China,https://www.cnn.com/2019/06/20/asia/xi-kim-north-korea-china-intl-hnk/index.html ,2,2
28,Kim Jong-un relationship with China,https://www.ncnk.org/resources/briefing-papers/all-briefing-papers/china-north-korea-relations ,3,2
28,Kim Jong-un relationship with China,https://www.npr.org/2019/06/17/733343002/chinese-president-xi-jinping-to-visit-north-korea-this-week ,2,2
28,Kim Jong-un relationship with China,https://www.inkstonenews.com/politics/kim-jong-un-travels-china-second-trump-summit/article/2181198,2,2
29,Jack Ma's  and Elon Musk's views on AI,https://www.bbc.com/news/technology-49508091 ,4,1
29,Jack Ma's  and Elon Musk's views on AI,https://observer.com/2019/08/elon-musk-jack-ma-debate-ai-china-conference-tesla-boring-company/ ,4,1
29,Jack Ma's  and Elon Musk's views on AI,https://marketrealist.com/2019/08/elon-musk-jack-ma-whos-right-about-ai/,4,1
29,Jack Ma's  and Elon Musk's views on AI,https://thenextweb.com/artificial-intelligence/2019/09/03/elon-musk-seemed-unhinged-debating-ai-with-jack-ma/ ,4,1
29,Jack Ma's  and Elon Musk's views on AI,https://www.geekwire.com/2019/billionaires-jack-ma-elon-musk-debate-good-evil-ai-conference-china/,3,1
29,Jack Ma's  and Elon Musk's views on AI,https://www.wired.com/story/elon-musk-humanity-biological-boot-loader-ai/,2,1
29,Jack Ma's  and Elon Musk's views on AI,https://interestingengineering.com/alibabas-jack-ma-and-teslas-elon-musks-interesting-ai-debate-in-shanghai,4,1
29,Jack Ma's  and Elon Musk's views on AI,https://www.fairobserver.com/region/asia_pacific/artificial-intelligence-jack-ma-elon-musk-technology-news-34809/,3,1
29,Jack Ma's  and Elon Musk's views on AI,https://www.livemint.com/companies/people/when-elon-musk-met-jack-ma-debate-on-ai-mars-the-end-of-civilisation-1567135372497.html ,3,1
29,Jack Ma's  and Elon Musk's views on AI,https://www.cnbc.com/2019/08/30/elon-musk-jack-ma-biggest-problem-world-will-face-is-population-drop.html ,0,1
29,Jack Ma's  and Elon Musk's views on AI,https://thenextweb.com/artificial-intelligence/2019/09/03/elon-musk-seemed-unhinged-debating-ai-with-jack-ma/,4,2
29,Jack Ma's  and Elon Musk's views on AI,https://www.forbes.com/sites/daviddawkins/2019/08/29/where-are-the-aliens-jack-ma-and-elon-musks-weird-debate-on-space-ai-and-the-future-of-work/#6f4dd8e95e68 ,3,2
29,Jack Ma's  and Elon Musk's views on AI,https://www.scmp.com/tech/tech-leaders-and-founders/article/3024847/alibabas-jack-ma-sees-ai-opening-new-human-chapter ,1,2
29,Jack Ma's  and Elon Musk's views on AI,https://www.youtube.com/watch?v=f3lUEnMaiAU,3,2
29,Jack Ma's  and Elon Musk's views on AI,https://www.youtube.com/watch?v=Mchz9q84_BA ,4,2
29,Jack Ma's  and Elon Musk's views on AI,https://www.techspot.com/news/81700-elon-musk-jack-ma-discuss-ai-world-artificial.html,4,2
29,Jack Ma's  and Elon Musk's views on AI,https://finance.yahoo.com/news/elon-musk-and-jack-ma-ai-conference-shanghai-140324097.html ,4,2
29,Jack Ma's  and Elon Musk's views on AI,https://www.bloomberg.com/news/articles/2019-08-28/musk-to-join-china-ai-summit-despite-trump-ordering-firms-out,4,2
29,Jack Ma's  and Elon Musk's views on AI,https://www.datacamp.com/community/news/jack-ma-vs-elon-musk-debate-different-perspectives-of-future-of-ai-aekfdnumwyk,3,2
30,quotes by Elon Musk,https://www.inc.com/peter-economy/11-elon-musk-quotes-that-will-push-you-to-achieve-impossible.html,4,1
30,quotes by Elon Musk,https://www.toolshero.com/toolsheroes/elon-musk/,4,1
30,quotes by Elon Musk,https://www.businessinsider.com/best-elon-musk-quotes-tesla-2013-11,4,1
30,quotes by Elon Musk,https://www.azquotes.com/author/10617-Elon_Musk/tag/artificial-intelligence,4,1
30,quotes by Elon Musk,https://quotefancy.com/elon-musk-quotes,3,1
30,quotes by Elon Musk,https://www.fool.com/investing/2016/09/10/8-perfectly-genius-elon-musk-quotes.aspx ,4, 1
30,quotes by Elon Musk,https://elonmusknews.org/blog/elon-musk-spacex-mars-quotes ,4,1
30,quotes by Elon Musk,https://www.yourselfquotes.com/elon-musk-quotes/,4,1
30,quotes by Elon Musk,https://www.brainyquote.com/authors/elon-musk-quotes,4,1
30,quotes by Elon Musk,https://www.amazon.com/Elon-Musk-Entrepreneur-Inspirational-Extraordinary-ebook/dp/B075X3SKZK,2,1
30,quotes by Elon Musk,https://www.youthkiawaaz.com/2019/08/some-quotes-by-elon-musk-that-will-motivate-you-to-follow-your-dreams/,3,3
30,quotes by Elon Musk,https://www.goodreads.com/author/quotes/7221234.Elon_Musk,4,3
30,quotes by Elon Musk,https://www.yourselfquotes.com/elon-musk-quotes/,3,3
30,quotes by Elon Musk,https://www.geckoandfly.com/20892/elon-musk-quotes/,4,3
30,quotes by Elon Musk,https://startupmindset.com/25-inspiring-quotes-from-elon-musk/,4,3
30,quotes by Elon Musk,https://en.wikiquote.org/wiki/Elon_Musk,4,3
30,quotes by Elon Musk,https://blog.runrun.it/en/inspiring-quotes-elon-musk/,2,3
30,quotes by Elon Musk,https://in.pinterest.com/natla_ml/elon-musk/,4,3
30,quotes by Elon Musk,https://www.success.com/11-elon-musk-quotes-that-will-inspire-you-to-dream-bigger/,4,3
31,Elon musk interview,https://www.vox.com/2018/11/2/18053424/elon-musk-tesla-spacex-boring-company-self-driving-cars-saudi-twitter-kara-swisher-decode-podcast,4,1
31,Elon musk interview,https://www.nytimes.com/2018/08/19/insider/elon-musk-interview.html,4,1
31,Elon musk interview,https://bigthink.com/technology-innovation/elon-musk-interview-1999,4,1
31,Elon musk interview,https://www.cbsnews.com/news/tesla-ceo-elon-musk-the-2018-60-minutes-interview/,3,1
31,Elon musk interview,https://archinect.com/news/article/150168155/a-simple-interview-question-elon-musk-uses-to-get-the-truth,2,1
31,Elon musk interview,https://www.investopedia.com/4-takeaways-from-elon-musk-s-60-minutes-interview-4580249,3,1
31,Elon musk interview,https://www.wired.com/2012/10/ff-elon-musk-qa/,4,1
31,Elon musk interview,https://observer.com/2018/08/elon-musk-persona-interviews/,4,1
31,Elon musk interview,https://www.rd.com/culture/elon-musk-job-interview-brainteaser/,1,1
31,Elon musk interview,https://www.cnn.com/videos/cnnmoney/2018/09/07/elon-musk-intv-tesla-stock-erin-simon-pkg-vpx.cnn,2,1
31,Elon musk interview,http://www.parabolicarc.com/2019/10/05/video-interview-with-spacexs-elon-musk/,4,3
31,Elon musk interview,https://www.motortrend.com/news/tesla-elon-musk-interview/,4,3
31,Elon musk interview,https://www.thehenryford.org/explore/stories-of-innovation/visionaries/elon-musk/,4,3
31,Elon musk interview,https://www.investopedia.com/4-takeaways-from-elon-musk-s-60-minutes-interview-4580249,3,3
31,Elon musk interview,https://ark-invest.com/research/podcast/elon-musk-podcast,4,3
31,Elon musk interview,https://www.esquire.com/news-politics/a16681/elon-musk-interview-1212/,3,3
32,Elon musk news,https://www.cnn.com/2019/11/25/cars/elon-musk-tesla-cybertruck-window-glass-broke/index.html,4,1
32,Elon musk news,https://www.marketwatch.com/story/elon-musk-doesnt-back-down-after-ford-challenges-tesla-to-apples-to-apples-tug-of-war-rematch-2019-11-26 ,3,1
32,Elon musk news,https://www.theguardian.com/commentisfree/2019/nov/26/what-the-chaotic-launch-of-teslas-cybertruck-tells-us-about-elon-musk,4,1
32,Elon musk news,https://www.cnbc.com/2019/11/25/elon-musk-tweets-on-cybertruck-orders-say-little-about-actual-sales.html ,2,1
32,Elon musk news,https://twitter.com/elonmusk?ref_src=twsrc%5Egoogle%7Ctwcamp%5Eserp%7Ctwgr%5Eauthor ,4,1
32,Elon musk news,https://www.independent.co.uk/topic/elon-musk ,4,1
32,Elon musk news,https://spacenews.com/tag/elon-musk/ ,3,1
32,Elon musk news,https://www.npr.org/tags/154533231/elon-musk,4,1
32,Elon musk news,https://www.entrepreneur.com/topic/elon-musk ,4,1
32,Elon musk news,https://en.wikipedia.org/wiki/Elon_Musk ,2,1
32,Elon musk news,https://www.mercurynews.com/tag/elon-musk/ ,3,3
32,Elon musk news,https://globalnews.ca/tag/elon-musk/ ,4,3
32,Elon musk news,https://news.sky.com/topic/elon-musk-6730,3,3
32,Elon musk news,https://www.dailynews.com/tag/elon-musk/ ,3,3
32,Elon musk news,https://www.mirror.co.uk/all-about/elon-musk ,2,3
32,Elon musk news,https://www.thesun.co.uk/who/elon-musk/ ,3,3
32,Elon musk news,https://www.cbsnews.com/video/elon-musk-shows-off-massive-starship-spacecraft-prototype/,0,3
32,Elon musk news,https://www.businesstimes.com.sg/keywords/elon-musk,3,3
32,Elon musk news,https://www.foxbusiness.com/category/elon-musk,2,3
32,Elon musk news,https://www.foxnews.com/category/person/elon-musk,2,3
33,elon musk latest,https://www.cnbc.com/2019/11/25/elon-musk-tweets-on-cybertruck-orders-say-little-about-actual-sales.html ,4,1
33,elon musk latest,https://www.independent.co.uk/topic/elon-musk ,2,1
33,elon musk latest,https://www.cnbc.com/elon-musk/,2,1
33,elon musk latest,https://www.politico.com/news/elon-musk,2,1
33,elon musk latest,https://www.wired.com/tag/elon-musk/,2,1
33,elon musk latest,https://twitter.com/elonmusk?ref_src=twsrc%5Egoogle%7Ctwcamp%5Eserp%7Ctwgr%5Eauthor,4,1
33,elon musk latest,https://www.youtube.com/watch?v=jeplhWnwyMI,2,1
33,elon musk latest,https://www.mercurynews.com/2019/11/25/teslas-elon-musk-explains-windowgate-shattering-of-cybertruck-windows/,3,1
33,elon musk latest,https://www.nytimes.com/2019/11/01/business/elon-musk-twitter.html ,2,1
33,elon musk latest,https://www.popularmechanics.com/elon-musk-latest-news/,2,1
33,elon musk latest,https://www.cnet.com/tags/elon-musk/,3,3
33,elon musk latest,http://www.hurriyetdailynews.com/search/elon%20musk,2,3
33,elon musk latest,https://www.foxbusiness.com/markets/tesla-ceo-elon-musk-fires-back-at-hedge-fund-manager-who-accused-him-of-orchestrating-significant-fraud,4,3
33,elon musk latest,https://mashable.com/article/elon-musk-tesla-earnings-full-self-driving/,2,3
33,elon musk latest,https://www.cbinsights.com/research/report/elon-musk-companies-disruption/,4,3
33,elon musk latest,https://www.tesla.com/elon-musk,2,3
33,elon musk latest,https://www.amazon.com/Elon-Musk-SpaceX-Fantastic-Future/dp/006230125X,1,3
33,elon musk latest,https://metro.co.uk/tag/elon-musk/,2,3
33,elon musk latest,https://www.9news.com.au/elon-musk,3,3
33,elon musk latest,https://www.vox.com/elon-musk,2,3
34,elon musk twitter,https://twitter.com/elonmusk?ref_src=twsrc%5Egoogle%7Ctwcamp%5Eserp%7Ctwgr%5Eauthor,4,1
34,elon musk twitter,https://twitter.com/elonmusk/status/1197768038415659008,4,1
34,elon musk twitter,https://twitter.com/elonmusk/media,4,1
34,elon musk twitter,https://www.businessinsider.com/elon-musk-argues-twitter-not-factual-2019-11,4,1
34,elon musk twitter,https://www.cnet.com/news/elon-musk-self-imposed-twitter-exile-lasted-four-days/,2,1
34,elon musk twitter,https://www.boredpanda.com/elon-musk-tweet-response-woman-destroyed-in-the-comments/,1,1
34,elon musk twitter,https://www.entrepreneur.com/article/342635,4,1
34,elon musk twitter,https://fortune.com/2019/11/05/elon-musk-returns-to-twitter-spacex/,0,1
34,elon musk twitter,https://www.wired.com/story/elon-musk-tesla-twitter-sec-settlement/,2,1
34,elon musk twitter,https://www.cnet.com/news/elon-musk-questions-good-of-twitter-says-hes-going-offline/,3,1
34,elon musk twitter,https://www.scmp.com/tech/blockchain/article/2169956/whos-cryptocurrency-anime-girl-got-elon-musk-locked-out-his-twitter,3,3
34,elon musk twitter,https://www.washingtonpost.com/technology/2019/06/17/elon-musk-is-still-twitter-after-saying-he-just-deleted-his-account/,2,3
34,elon musk twitter,https://time.com/5541819/elon-musk-elon-tusk-twitter/,2,3
34,elon musk twitter,https://www.autonews.com/executives/elon-musk-says-hes-going-offline-after-questioning-twitter,3,3
34,elon musk twitter,https://towardsdatascience.com/elon-musk-twitter-adf324120b3f,3,3
34,elon musk twitter,https://www.theverge.com/tldr/2019/8/7/20758944/elon-musk-twitter-tesla-funding-secured-private-420,3,3
34,elon musk twitter,https://www.usatoday.com/story/tech/news/2019/06/17/twitter-account-elon-musk-claims-he-deleting-his-profile/1475564001/,2,3
34,elon musk twitter,https://metro.co.uk/2019/11/01/elon-musk-quit-twitter-tesla-spacex-billionaire-dramatically-goes-offline-11027467/,3,3
34,elon musk twitter,https://www.esquire.com/lifestyle/a20895958/elon-musk-pravda-twitter/,4,3
34,elon musk twitter,https://economictimes.indiatimes.com/magazines/panache/reddit-over-twitter-elon-musk-tweets-that-hes-going-offline-again/articleshow/71864280.cms,0,3
35,"quotes and opinions of elon musk, as attributed to them in news articles, social media, books, etc.",https://www.goodreads.com/book/show/25541028-elon-musk,3,1
35,"quotes and opinions of elon musk, as attributed to them in news articles, social media, books, etc.",https://apnews.com/b27a4b5d80a242f29d940ce563c13326/Elon-Musk's-social-media-conduct-may-be-bad-for-his-business,2,1
35,"quotes and opinions of elon musk, as attributed to them in news articles, social media, books, etc.",https://www.theguardian.com/environment/2016/may/05/elon-musk-we-need-a-revolt-against-the-fossil-fuel-industry,4,1
35,"quotes and opinions of elon musk, as attributed to them in news articles, social media, books, etc.",https://www.cnbc.com/2019/11/23/elon-musk-says-tesla-has-received-146000-orders-for-its-cybertruck.html,4,1
35,"quotes and opinions of elon musk, as attributed to them in news articles, social media, books, etc.",https://www.cnbc.com/2018/03/13/elon-musk-at-sxsw-a-i-is-more-dangerous-than-nuclear-weapons.html,4,1
35,"quotes and opinions of elon musk, as attributed to them in news articles, social media, books, etc.",https://knowledge.wharton.upenn.edu/article/elon-musk-sec-twitter/,3,1
35,"quotes and opinions of elon musk, as attributed to them in news articles, social media, books, etc.",https://waitbutwhy.com/2017/04/neuralink.html ,2,1
35,"quotes and opinions of elon musk, as attributed to them in news articles, social media, books, etc.",https://medium.com/accelerated-intelligence/the-one-trait-that-elon-musk-ben-franklin-and-marie-curie-have-in-common-33114edfe279,1,1
35,"quotes and opinions of elon musk, as attributed to them in news articles, social media, books, etc.",https://www.popehat.com/2018/09/17/cave-diver-vernon-unsworth-sues-elon-musk/,3,1
35,"quotes and opinions of elon musk, as attributed to them in news articles, social media, books, etc.",https://www.amazon.com/Elon-Musk-SpaceX-Fantastic-Future/dp/006230125X,3,1
35,"quotes and opinions of elon musk, as attributed to them in news articles, social media, books, etc.",https://seo.co/services/writing/,0,3
35,"quotes and opinions of elon musk, as attributed to them in news articles, social media, books, etc.",https://www.theguardian.com/commentisfree/2019/may/26/elon-musk-may-be-a-pain-but-that-doesnt-mean-his-ideas-are-crazy,4,3
35,"quotes and opinions of elon musk, as attributed to them in news articles, social media, books, etc.",https://en.wikipedia.org/wiki/Criticism_of_Facebook,0,3
35,"quotes and opinions of elon musk, as attributed to them in news articles, social media, books, etc.","http://v1x0r.com/downloads/Books/Elon_Musk/Ashlee%20Vance%20-%20Elon%20Musk%3B%20Tesla,%20SpaceX,%20and%20the%20Quest%20for%20a%20Fantastic%20Future.pdf",4,3
36,elon musk on clean energy,https://thebossmagazine.com/elon-musk-renewable-energy/,4,1
36,elon musk on clean energy,https://www.raycap.com/elon-musk-calls-green-energy-technology-awareness/,4,1
36,elon musk on clean energy,https://futurism.com/elon-musk-says-we-must-switch-to-renewables-or-plunge-into-the-dark-ages,4,1
36,elon musk on clean energy,https://news.energysage.com/tesla-energy-has-elon-musk-invented-the-first-clean-power-utility/,3,1
36,elon musk on clean energy,https://www.inverse.com/article/58024-tesla-how-elon-musk-s-terawatt-hour-plan-may-spark-shift-to-clean-energy,4,1
36,elon musk on clean energy,https://inhabitat.com/elon-musk-has-a-simple-plan-to-power-the-us-entirely-on-renewable-energy/,4,1
36,elon musk on clean energy,https://www.renewableenergyworld.com/2017/05/12/what-elon-musk-can-teach-us-about-investing-in-clean-energy-stocks/#gref,2,1
36,elon musk on clean energy,https://twitter.com/elonmusk/status/945728690507231232?lang=en,3,1
36,elon musk on clean energy,https://www.fool.com/investing/2019/05/26/why-tesla-should-abandon-solar-energy-right-now.aspx,1,1
36,elon musk on clean energy,http://www.itechpost.com/articles/101819/20191021/elon-musk-returns-to-twitter-tesla-now-offers-powerwall-to-promote-clean-energy.htm,2,1
36,elon musk on clean energy,https://www.independent.co.uk/news/world/australasia/elon-musk-tesla-batteries-australia-homes-virtual-power-plants-free-solar-panels-a8196656.html,2,3
36,elon musk on clean energy,https://www.theguardian.com/sustainable-business/2017/mar/20/elon-musk-port-augusta-four-renewable-energy-projects,2,3
36,elon musk on clean energy,https://www.aps.org/careers/physicists/profiles/musk.cfm,2,3
36,elon musk on clean energy,https://www.huffpost.com/entry/elon-musk-tesla-puerto-rico-renewable-energy_n_5ca51e99e4b082d775dfec35,1,3
36,elon musk on clean energy,https://electrek.co/2019/10/24/tesla-energy-distributed-global-utility-outgrow-auto-business-elon-musk/,4,3
36,elon musk on clean energy,https://www.cleanenergywire.org/news/thank-you-elon-musk-showing-german-car-managers-ropes-commentary,0,3
37,elon musk on self driving cars,https://www.usatoday.com/story/money/cars/2019/04/22/tesla-says-its-fully-self-driving-car-tech-autonomous/3540926002/,4,1
37,elon musk on self driving cars,https://www.theverge.com/2019/4/22/18510828/tesla-elon-musk-autonomy-day-investor-comments-self-driving-cars-predictions,4,1
37,elon musk on self driving cars,https://mashable.com/article/elon-musk-tesla-earnings-full-self-driving/,4,1
37,elon musk on self driving cars,https://mindmatters.ai/2019/11/elon-musk-walks-back-full-self-driving-claims/,3,1
37,elon musk on self driving cars,https://www.cnbc.com/2019/07/08/elon-musk-self-driving-robotaxis-could-make-teslas-more-expensive.html,4,1
37,elon musk on self driving cars,https://techcrunch.com/2019/10/23/elon-musk-says-tesla-early-access-full-self-driving-could-arrive-by-end-of-year/,3,1
37,elon musk on self driving cars,https://www.cnet.com/roadshow/news/elon-musk-teslas-self-driving-tech/,4,1
37,elon musk on self driving cars,https://www.washingtonpost.com/technology/2019/07/17/tesla-floats-fully-self-driving-cars-soon-this-year-many-are-worried-about-what-that-will-unleash/,2,1
37,elon musk on self driving cars,https://twitter.com/elonmusk/status/1120502923136520192?lang=en,3,1
37,elon musk on self driving cars,https://www.entrepreneur.com/article/294462,3,3
37,elon musk on self driving cars,https://www.cbsnews.com/news/elon-musk-claims-tesla-will-have-self-driving-robotaxis-on-the-road-next-year/,4,3
37,elon musk on self driving cars,https://www.latimes.com/business/autos/la-fi-hy-tesla-elon-musk-autonomous-uber-lyft-20190422-story.html,3,3
37,elon musk on self driving cars,https://www.bloomberg.com/news/articles/2019-04-23/musk-makes-self-driving-technology-tesla-s-costly-new-calling,3,3
37,elon musk on self driving cars,https://qz.com/1729554/are-self-driving-cars-ever-going-to-happen/,2,3
37,elon musk on self driving cars,https://www.chicagotribune.com/business/ct-biz-tesla-autonomous-self-driving-cars-20190423-story.html,2,3
37,elon musk on self driving cars,https://www.detroitnews.com/story/business/autos/mobility/2019/07/15/tesla-musk-self-driving/39683203/,3,3
38,elon musk interview with nyt,https://www.nytimes.com/2018/08/16/business/elon-musk-interview-tesla.html,4,1
38,elon musk interview with nyt,https://www.nytimes.com/2018/08/19/insider/elon-musk-interview.html,3,1
38,elon musk interview with nyt,https://www.nytimes.com/2018/08/28/business/elon-musk-tesla.html,4,1
38,elon musk interview with nyt,https://www.nytimes.com/2018/08/17/business/tesla-elon-musk-interview-takeaways.html,3,1
38,elon musk interview with nyt,https://www.nytimes.com/2019/11/22/business/dealbook/tesla-pickup-elon-musk.html,3,1
38,elon musk interview with nyt,https://www.nytimes.com/2018/08/18/business/elon-musk-tesla-timeline.html,4,1
38,elon musk interview with nyt,https://www.businessinsider.com/elon-musk-says-he-didnt-cry-during-new-york-times-interview-2018-8,3,1
38,elon musk interview with nyt,https://www.axios.com/elon-musk-new-york-times-tesla-interview-0ddbb234-8041-47ce-ae38-4df255d26350.html,3,1
38,elon musk interview with nyt,https://www.reuters.com/article/us-tesla-musk-ubs/tesla-stock-sinks-after-musk-gives-tearful-nyt-interview-idUSKBN1L21EP,3,1
38,elon musk interview with nyt,https://www.forbes.com/sites/noahkirsch/2018/08/17/elon-musks-net-worth-drops-1-billion-in-a-day-following-new-york-times-interview/#39b4d46d4a88,3,1
38,elon musk interview with nyt,https://www.autonews.com/article/20180817/COPY01/308179971/report-musk-says-nobody-reviewed-tweet-spacex-could-help-take-tesla-private,2,3
38,elon musk interview with nyt,https://www.bloomberg.com/opinion/articles/2018-08-17/elon-musk-tesla-interview-even-he-seems-to-want-the-board-to-act,3,3
38,elon musk interview with nyt,https://techcastdaily.com/2018/08/17/elon-musks-new-york-times-interview-08-17-18/,4,3
38,elon musk interview with nyt,https://finance.yahoo.com/video/elon-musk-opens-life-emotional-172403917.html,4,3
38,elon musk interview with nyt,https://www.barstoolsports.com/iowa/elon-musk-claims-he-didnt-crying-during-his-nyt-interview-even-though-he-definitely-cried,2,3
38,elon musk interview with nyt,https://www.reuters.com/article/us-tesla-musk/musks-spacex-could-help-fund-take-private-deal-for-tesla-nyt-idUSKBN1L20EB,3,3
38,elon musk interview with nyt,https://www.theverge.com/2018/11/30/18119832/tesla-elon-musk-discrimination-harassment-racism,1,3
38,elon musk interview with nyt,https://bigthink.com/technology-innovation/elon-musk-interview-1999,0,3
38,elon musk interview with nyt,https://www.nbcnews.com/business/autos/elon-musk-recounts-his-excruciating-year-admits-taking-sleeping-pills-n901611,4,3
38,elon musk interview with nyt,https://threadreaderapp.com/thread/1030496721149685760.html,2,1
39,Elon musk speech,https://www.ted.com/speakers/elon_musk,4,1
39,Elon musk speech,https://www.inc.com/minda-zetlin/elon-musk-fails-public-speaking-101-heres-why-we-hang-on-every-word-what-you-can-learn-from-him.html,3,1
39,Elon musk speech,https://singjupost.com/elon-musks-commencement-speech-at-caltech-full-transcript/,4,1
39,Elon musk speech,https://www.wired.com/story/elon-musk-tesla-twitter-sec-settlement/,1,1
39,Elon musk speech,https://www.businessinsider.com/elon-musk-mars-iac-2017-transcript-slides-2017-10,4,1
39,Elon musk speech,http://commencement.caltech.edu/archive/speakers/2012_address,4,1
39,Elon musk speech,https://gist.github.com/johnz133/7bf10e77d8b994bae743,4,1
39,Elon musk speech,https://www.barrons.com/articles/tesla-ceo-elon-musk-sec-response-51552397330,1,1
39,Elon musk speech,https://www.autoblog.com/2015/12/05/full-text-of-elon-musks-paris-cop21-speech/,4,1
39,Elon musk speech,https://mycourses.aalto.fi/mod/resource/view.php?id=160915,1,1
39,Elon musk speech,https://www.youtube.com/watch?v=wD3pflBggMQ,3,3
39,Elon musk speech,https://www.cnbc.com/2018/03/16/elon-musk-on-inspiration-and-success.html,3,3
39,Elon musk speech,https://www.cnbc.com/2019/07/18/neuralink-exec-be-careful-telling-elon-musk-something-is-impossible.html,3,3
39,Elon musk speech,https://www.npr.org/2019/09/29/765526405/elon-musk-unveils-spacexs-new-starship-designed-to-fly-to-the-moon-mars-and-beyo,3,3
39,Elon musk speech,https://www.fearlessmotivation.com/2017/08/31/elon-musk-greatest-motivational-speeches/,4,3
39,Elon musk speech,https://www.cnn.com/2019/03/11/tech/elon-musk-deadline-sec/index.html,1,3
39,Elon musk speech,https://podcastnotes.org/2019/08/27/elon-commencement-speech/,3,3
39,Elon musk speech,https://www.investopedia.com/articles/personal-finance/061015/how-elon-musk-became-elon-musk.asp,2,3
39,Elon musk speech,https://techcrunch.com/2018/12/27/elon-musk-argues-comments-on-twitter-are-protected-speech-in-request-to-dismiss-pedo-guy-lawsuit/,1,3